ID,mpg,cylinders,displacement,horsepower,weight,acceleration,model,origin,car_name,car_name_model,price
1,18,8,307,130,3504,12,70,1,chevrolet chevelle malibu,chevrolet chevelle malibu_70,25561.59078
2,15,8,350,165,3693,11.5,70,1,buick skylark 320,buick skylark 320_70,24221.42273
3,18,8,318,150,3436,11,70,1,plymouth satellite,plymouth satellite_70,27240.84373
4,16,8,304,150,3433,12,70,1,amc rebel sst,amc rebel sst_70,33684.96888
5,17,8,302,140,3449,10.5,70,1,ford torino,ford torino_70,20000
6,15,8,429,198,4341,10,70,1,ford galaxie 500,ford galaxie 500_70,30000
7,14,8,454,220,4354,9,70,1,chevrolet impala,chevrolet impala_70,35764.3349
8,14,8,440,215,4312,8.5,70,1,plymouth fury iii,plymouth fury iii_70,25899.46557
9,14,8,455,225,4425,10,70,1,pontiac catalina,pontiac catalina_70,32882.53714
10,15,8,390,190,3850,8.5,70,1,amc ambassador dpl,amc ambassador dpl_70,32617.05928
11,15,8,383,170,3563,10,70,1,dodge challenger se,dodge challenger se_70,30000
12,14,8,340,160,3609,8,70,1,plymouth 'cuda 340,plymouth 'cuda 340_70,33034.92261
13,15,8,400,150,3761,9.5,70,1,chevrolet monte carlo,chevrolet monte carlo_70,30000
14,14,8,455,225,3086,10,70,1,buick estate wagon (sw),buick estate wagon (sw)_70,26608.32842
15,24,4,113,95,2372,15,70,3,toyota corona mark ii,toyota corona mark ii_70,36927.0666
16,22,6,198,95,2833,15.5,70,1,plymouth duster,plymouth duster_70,12561.10337
17,18,6,199,97,2774,15.5,70,1,amc hornet,amc hornet_70,24260.62236
18,21,6,200,85,2587,16,70,1,ford maverick,ford maverick_70,14228.30388
19,27,4,97,88,2130,14.5,70,3,datsun pl510,datsun pl510_70,15802.23935
20,26,4,97,46,1835,20.5,70,2,volkswagen 1131 deluxe sedan,volkswagen 1131 deluxe sedan_70,27471.29241
21,25,4,110,87,2672,17.5,70,2,peugeot 504,peugeot 504_70,40000
22,24,4,107,90,2430,14.5,70,2,audi 100 ls,audi 100 ls_70,35897.43951
23,25,4,104,95,2375,17.5,70,2,saab 99e,saab 99e_70,16905.84258
24,26,4,121,113,2234,12.5,70,2,bmw 2002,bmw 2002_70,15047.98937
25,21,6,199,90,2648,15,70,1,amc gremlin,amc gremlin_70,14045.89513
26,10,8,360,215,4615,14,70,1,ford f250,ford f250_70,25797.48544
27,10,8,307,200,4376,15,70,1,chevy c20,chevy c20_70,40000
28,11,8,318,210,4382,13.5,70,1,dodge d200,dodge d200_70,24928.42041
29,9,8,304,193,4732,18.5,70,1,hi 1200d,hi 1200d_70,45072.56865
30,27,4,97,88,2130,14.5,71,3,datsun pl510,datsun pl510_71,16992.08152
31,28,4,140,90,2264,15.5,71,1,chevrolet vega 2300,chevrolet vega 2300_71,13206.433
32,25,4,113,95,2228,14,71,3,toyota corona,toyota corona_71,27078.79795
33,25,4,98,?,2046,19,71,1,ford pinto,ford pinto_71,26417.43542
34,19,6,232,100,2634,13,71,1,amc gremlin,amc gremlin_71,30000
35,16,6,225,105,3439,15.5,71,1,plymouth satellite custom,plymouth satellite custom_71,44534.97074
36,17,6,250,100,3329,15.5,71,1,chevrolet chevelle malibu,chevrolet chevelle malibu_71,40000
37,19,6,250,88,3302,15.5,71,1,ford torino 500,ford torino 500_71,30000
38,18,6,232,100,3288,15.5,71,1,amc matador,amc matador_71,33970.66561
39,14,8,350,165,4209,12,71,1,chevrolet impala,chevrolet impala_71,40000
40,14,8,400,175,4464,11.5,71,1,pontiac catalina brougham,pontiac catalina brougham_71,33793.72284
41,14,8,351,153,4154,13.5,71,1,ford galaxie 500,ford galaxie 500_71,30000
42,14,8,318,150,4096,13,71,1,plymouth fury iii,plymouth fury iii_71,15358.86347
43,12,8,383,180,4955,11.5,71,1,dodge monaco (sw),dodge monaco (sw)_71,23414.4171
44,13,8,400,170,4746,12,71,1,ford country squire (sw),ford country squire (sw)_71,44211.91218
45,13,8,400,175,5140,12,71,1,pontiac safari (sw),pontiac safari (sw)_71,20000
46,18,6,258,110,2962,13.5,71,1,amc hornet sportabout (sw),amc hornet sportabout (sw)_71,33328.42698
47,22,4,140,72,2408,19,71,1,chevrolet vega (sw),chevrolet vega (sw)_71,20000
48,19,6,250,100,3282,15,71,1,pontiac firebird,pontiac firebird_71,20000
49,18,6,250,88,3139,14.5,71,1,ford mustang,ford mustang_71,40000
50,23,4,122,86,2220,14,71,1,mercury capri 2000,mercury capri 2000_71,27435.39589
51,28,4,116,90,2123,14,71,2,opel 1900,opel 1900_71,20000
52,30,4,79,70,2074,19.5,71,2,peugeot 304,peugeot 304_71,36587.11859
53,30,4,88,76,2065,14.5,71,2,fiat 124b,fiat 124b_71,23790.82939
54,31,4,71,65,1773,19,71,3,toyota corolla 1200,toyota corolla 1200_71,30000
55,35,4,72,69,1613,18,71,3,datsun 1200,datsun 1200_71,40000
56,27,4,97,60,1834,19,71,2,volkswagen model 111,volkswagen model 111_71,30000
57,26,4,91,70,1955,20.5,71,1,plymouth cricket,plymouth cricket_71,40000
58,24,4,113,95,2278,15.5,72,3,toyota corona hardtop,toyota corona hardtop_72,40000
59,25,4,97.5,80,2126,17,72,1,dodge colt hardtop,dodge colt hardtop_72,20000
60,23,4,97,54,2254,23.5,72,2,volkswagen type 3,volkswagen type 3_72,26196.50504
61,20,4,140,90,2408,19.5,72,1,chevrolet vega,chevrolet vega_72,33019.20813
62,21,4,122,86,2226,16.5,72,1,ford pinto runabout,ford pinto runabout_72,36453.30104
63,13,8,350,165,4274,12,72,1,chevrolet impala,chevrolet impala_72,40000
64,14,8,400,175,4385,12,72,1,pontiac catalina,pontiac catalina_72,26062.79358
65,15,8,318,150,4135,13.5,72,1,plymouth fury iii,plymouth fury iii_72,34663.83946
66,14,8,351,153,4129,13,72,1,ford galaxie 500,ford galaxie 500_72,20000
67,17,8,304,150,3672,11.5,72,1,amc ambassador sst,amc ambassador sst_72,20000
68,11,8,429,208,4633,11,72,1,mercury marquis,mercury marquis_72,16223.26834
69,13,8,350,155,4502,13.5,72,1,buick lesabre custom,buick lesabre custom_72,5975.709529
70,12,8,350,160,4456,13.5,72,1,oldsmobile delta 88 royale,oldsmobile delta 88 royale_72,40000
71,13,8,400,190,4422,12.5,72,1,chrysler newport royal,chrysler newport royal_72,33048.80117
72,19,3,70,97,2330,13.5,72,3,mazda rx2 coupe,mazda rx2 coupe_72,25558.0312
73,15,8,304,150,3892,12.5,72,1,amc matador (sw),amc matador (sw)_72,1598.07337
74,13,8,307,130,4098,14,72,1,chevrolet chevelle concours (sw),chevrolet chevelle concours (sw)_72,20000
75,13,8,302,140,4294,16,72,1,ford gran torino (sw),ford gran torino (sw)_72,30000
76,14,8,318,150,4077,14,72,1,plymouth satellite custom (sw),plymouth satellite custom (sw)_72,26693.71811
77,18,4,121,112,2933,14.5,72,2,volvo 145e (sw),volvo 145e (sw)_72,30000
78,22,4,121,76,2511,18,72,2,volkswagen 411 (sw),volkswagen 411 (sw)_72,40000
79,21,4,120,87,2979,19.5,72,2,peugeot 504 (sw),peugeot 504 (sw)_72,16035.29706
80,26,4,96,69,2189,18,72,2,renault 12 (sw),renault 12 (sw)_72,44239.24934
81,22,4,122,86,2395,16,72,1,ford pinto (sw),ford pinto (sw)_72,20000
82,28,4,97,92,2288,17,72,3,datsun 510 (sw),datsun 510 (sw)_72,36556.74415
83,23,4,120,97,2506,14.5,72,3,toyouta corona mark ii (sw),toyouta corona mark ii (sw)_72,30000
84,28,4,98,80,2164,15,72,1,dodge colt (sw),dodge colt (sw)_72,20000
85,27,4,97,88,2100,16.5,72,3,toyota corolla 1600 (sw),toyota corolla 1600 (sw)_72,35088.02866
86,13,8,350,175,4100,13,73,1,buick century 350,buick century 350_73,20000
87,14,8,304,150,3672,11.5,73,1,amc matador,amc matador_73,30000
88,13,8,350,145,3988,13,73,1,chevrolet malibu,chevrolet malibu_73,24364.52222
89,14,8,302,137,4042,14.5,73,1,ford gran torino,ford gran torino_73,50306.15305
90,15,8,318,150,3777,12.5,73,1,dodge coronet custom,dodge coronet custom_73,30000
91,12,8,429,198,4952,11.5,73,1,mercury marquis brougham,mercury marquis brougham_73,30000
92,13,8,400,150,4464,12,73,1,chevrolet caprice classic,chevrolet caprice classic_73,35052.19209
93,13,8,351,158,4363,13,73,1,ford ltd,ford ltd_73,36489.40106
94,14,8,318,150,4237,14.5,73,1,plymouth fury gran sedan,plymouth fury gran sedan_73,53745.93806
95,13,8,440,215,4735,11,73,1,chrysler new yorker brougham,chrysler new yorker brougham_73,40000
96,12,8,455,225,4951,11,73,1,buick electra 225 custom,buick electra 225 custom_73,26260.63473
97,13,8,360,175,3821,11,73,1,amc ambassador brougham,amc ambassador brougham_73,40000
98,18,6,225,105,3121,16.5,73,1,plymouth valiant,plymouth valiant_73,23283.52468
99,16,6,250,100,3278,18,73,1,chevrolet nova custom,chevrolet nova custom_73,30000
100,18,6,232,100,2945,16,73,1,amc hornet,amc hornet_73,30000
101,18,6,250,88,3021,16.5,73,1,ford maverick,ford maverick_73,33726.80756
102,23,6,198,95,2904,16,73,1,plymouth duster,plymouth duster_73,25211.02753
103,26,4,97,46,1950,21,73,2,volkswagen super beetle,volkswagen super beetle_73,35994.52571
104,11,8,400,150,4997,14,73,1,chevrolet impala,chevrolet impala_73,24794.07439
105,12,8,400,167,4906,12.5,73,1,ford country,ford country_73,20000
106,13,8,360,170,4654,13,73,1,plymouth custom suburb,plymouth custom suburb_73,34078.91407
107,12,8,350,180,4499,12.5,73,1,oldsmobile vista cruiser,oldsmobile vista cruiser_73,34538.97449
108,18,6,232,100,2789,15,73,1,amc gremlin,amc gremlin_73,17410.01544
109,20,4,97,88,2279,19,73,3,toyota carina,toyota carina_73,40000
110,21,4,140,72,2401,19.5,73,1,chevrolet vega,chevrolet vega_73,43478.05811
111,22,4,108,94,2379,16.5,73,3,datsun 610,datsun 610_73,20000
112,18,3,70,90,2124,13.5,73,3,maxda rx3,maxda rx3_73,47897.3504
113,19,4,122,85,2310,18.5,73,1,ford pinto,ford pinto_73,40000
114,21,6,155,107,2472,14,73,1,mercury capri v6,mercury capri v6_73,30000
115,26,4,98,90,2265,15.5,73,2,fiat 124 sport coupe,fiat 124 sport coupe_73,20000
116,15,8,350,145,4082,13,73,1,chevrolet monte carlo s,chevrolet monte carlo s_73,26355.63972
117,16,8,400,230,4278,9.5,73,1,pontiac grand prix,pontiac grand prix_73,27104.01182
118,29,4,68,49,1867,19.5,73,2,fiat 128,fiat 128_73,30000
119,24,4,116,75,2158,15.5,73,2,opel manta,opel manta_73,30000
120,20,4,114,91,2582,14,73,2,audi 100ls,audi 100ls_73,36717.9042
121,19,4,121,112,2868,15.5,73,2,volvo 144ea,volvo 144ea_73,30000
122,15,8,318,150,3399,11,73,1,dodge dart custom,dodge dart custom_73,40000
123,24,4,121,110,2660,14,73,2,saab 99le,saab 99le_73,30000
124,20,6,156,122,2807,13.5,73,3,toyota mark ii,toyota mark ii_73,30000
125,11,8,350,180,3664,11,73,1,oldsmobile omega,oldsmobile omega_73,9006.648949
126,20,6,198,95,3102,16.5,74,1,plymouth duster,plymouth duster_74,20000
127,21,6,200,?,2875,17,74,1,ford maverick,ford maverick_74,36836.73869
128,19,6,232,100,2901,16,74,1,amc hornet,amc hornet_74,30000
129,15,6,250,100,3336,17,74,1,chevrolet nova,chevrolet nova_74,34166.88994
130,31,4,79,67,1950,19,74,3,datsun b210,datsun b210_74,30000
131,26,4,122,80,2451,16.5,74,1,ford pinto,ford pinto_74,40000
132,32,4,71,65,1836,21,74,3,toyota corolla 1200,toyota corolla 1200_74,50430.44287
133,25,4,140,75,2542,17,74,1,chevrolet vega,chevrolet vega_74,30000
134,16,6,250,100,3781,17,74,1,chevrolet chevelle malibu classic,chevrolet chevelle malibu classic_74,20000
135,16,6,258,110,3632,18,74,1,amc matador,amc matador_74,35815.10738
136,18,6,225,105,3613,16.5,74,1,plymouth satellite sebring,plymouth satellite sebring_74,30000
137,16,8,302,140,4141,14,74,1,ford gran torino,ford gran torino_74,27027.84106
138,13,8,350,150,4699,14.5,74,1,buick century luxus (sw),buick century luxus (sw)_74,20000
139,14,8,318,150,4457,13.5,74,1,dodge coronet custom (sw),dodge coronet custom (sw)_74,30000
140,14,8,302,140,4638,16,74,1,ford gran torino (sw),ford gran torino (sw)_74,43956.27279
141,14,8,304,150,4257,15.5,74,1,amc matador (sw),amc matador (sw)_74,30000
142,29,4,98,83,2219,16.5,74,2,audi fox,audi fox_74,27392.70399
143,26,4,79,67,1963,15.5,74,2,volkswagen dasher,volkswagen dasher_74,40000
144,26,4,97,78,2300,14.5,74,2,opel manta,opel manta_74,10064.41815
145,31,4,76,52,1649,16.5,74,3,toyota corona,toyota corona_74,20000
146,32,4,83,61,2003,19,74,3,datsun 710,datsun 710_74,22599.02117
147,28,4,90,75,2125,14.5,74,1,dodge colt,dodge colt_74,30000
148,24,4,90,75,2108,15.5,74,2,fiat 128,fiat 128_74,36359.77243
149,26,4,116,75,2246,14,74,2,fiat 124 tc,fiat 124 tc_74,24285.00304
150,24,4,120,97,2489,15,74,3,honda civic,honda civic_74,30000
151,26,4,108,93,2391,15.5,74,3,subaru,subaru_74,26414.50827
152,31,4,79,67,2000,16,74,2,fiat x1.9,fiat x1.9_74,8068.231747
153,19,6,225,95,3264,16,75,1,plymouth valiant custom,plymouth valiant custom_75,20000
154,18,6,250,105,3459,16,75,1,chevrolet nova,chevrolet nova_75,35725.20247
155,15,6,250,72,3432,21,75,1,mercury monarch,mercury monarch_75,12388.96045
156,15,6,250,72,3158,19.5,75,1,ford maverick,ford maverick_75,30000
157,16,8,400,170,4668,11.5,75,1,pontiac catalina,pontiac catalina_75,40000
158,15,8,350,145,4440,14,75,1,chevrolet bel air,chevrolet bel air_75,8844.146509
159,16,8,318,150,4498,14.5,75,1,plymouth grand fury,plymouth grand fury_75,7250.279362
160,14,8,351,148,4657,13.5,75,1,ford ltd,ford ltd_75,40000
161,17,6,231,110,3907,21,75,1,buick century,buick century_75,43913.81789
162,16,6,250,105,3897,18.5,75,1,chevroelt chevelle malibu,chevroelt chevelle malibu_75,16545.00951
163,15,6,258,110,3730,19,75,1,amc matador,amc matador_75,25349.77729
164,18,6,225,95,3785,19,75,1,plymouth fury,plymouth fury_75,30000
165,21,6,231,110,3039,15,75,1,buick skyhawk,buick skyhawk_75,34085.80564
166,20,8,262,110,3221,13.5,75,1,chevrolet monza 2+2,chevrolet monza 2+2_75,30000
167,13,8,302,129,3169,12,75,1,ford mustang ii,ford mustang ii_75,34458.38738
168,29,4,97,75,2171,16,75,3,toyota corolla,toyota corolla_75,30000
169,23,4,140,83,2639,17,75,1,ford pinto,ford pinto_75_1,16968.55626
170,20,6,232,100,2914,16,75,1,amc gremlin,amc gremlin_75,22601.17848
171,23,4,140,78,2592,18.5,75,1,pontiac astro,pontiac astro_75,30000
172,24,4,134,96,2702,13.5,75,3,toyota corona,toyota corona_75,5579.395792
173,25,4,90,71,2223,16.5,75,2,volkswagen dasher,volkswagen dasher_75,34295.65704
174,24,4,119,97,2545,17,75,3,datsun 710,datsun 710_75,24359.88558
175,18,6,171,97,2984,14.5,75,1,ford pinto,ford pinto_75_2,40000
176,29,4,90,70,1937,14,75,2,volkswagen rabbit,volkswagen rabbit_75,23555.60639
177,19,6,232,90,3211,17,75,1,amc pacer,amc pacer_75,25780.19772
178,23,4,115,95,2694,15,75,2,audi 100ls,audi 100ls_75,16577.46275
179,23,4,120,88,2957,17,75,2,peugeot 504,peugeot 504_75,30000
180,22,4,121,98,2945,14.5,75,2,volvo 244dl,volvo 244dl_75,40000
181,25,4,121,115,2671,13.5,75,2,saab 99le,saab 99le_75,17080.97861
182,33,4,91,53,1795,17.5,75,3,honda civic cvcc,honda civic cvcc_75,25436.92235
183,28,4,107,86,2464,15.5,76,2,fiat 131,fiat 131_76,37495.99581
184,25,4,116,81,2220,16.9,76,2,opel 1900,opel 1900_76,23325.54657
185,25,4,140,92,2572,14.9,76,1,capri ii,capri ii_76,30000
186,26,4,98,79,2255,17.7,76,1,dodge colt,dodge colt_76,33128.29366
187,27,4,101,83,2202,15.3,76,2,renault 12tl,renault 12tl_76,30000
188,17.5,8,305,140,4215,13,76,1,chevrolet chevelle malibu classic,chevrolet chevelle malibu classic_76,25546.68687
189,16,8,318,150,4190,13,76,1,dodge coronet brougham,dodge coronet brougham_76,20000
190,15.5,8,304,120,3962,13.9,76,1,amc matador,amc matador_76,20000
191,14.5,8,351,152,4215,12.8,76,1,ford gran torino,ford gran torino_76,47075.03525
192,22,6,225,100,3233,15.4,76,1,plymouth valiant,plymouth valiant_76,40000
193,22,6,250,105,3353,14.5,76,1,chevrolet nova,chevrolet nova_76,44633.99433
194,24,6,200,81,3012,17.6,76,1,ford maverick,ford maverick_76,50179.77946
195,22.5,6,232,90,3085,17.6,76,1,amc hornet,amc hornet_76,13136.84754
196,29,4,85,52,2035,22.2,76,1,chevrolet chevette,chevrolet chevette_76,40000
197,24.5,4,98,60,2164,22.1,76,1,chevrolet woody,chevrolet woody_76,30000
198,29,4,90,70,1937,14.2,76,2,vw rabbit,vw rabbit_76,20000
199,33,4,91,53,1795,17.4,76,3,honda civic,honda civic_76,40000
200,20,6,225,100,3651,17.7,76,1,dodge aspen se,dodge aspen se_76,30000
201,18,6,250,78,3574,21,76,1,ford granada ghia,ford granada ghia_76,26411.47262
202,18.5,6,250,110,3645,16.2,76,1,pontiac ventura sj,pontiac ventura sj_76,26090.2785
203,17.5,6,258,95,3193,17.8,76,1,amc pacer d/l,amc pacer d/l_76,30000
204,29.5,4,97,71,1825,12.2,76,2,volkswagen rabbit,volkswagen rabbit_76,23640.67856
205,32,4,85,70,1990,17,76,3,datsun b-210,datsun b-210_76,34072.29922
206,28,4,97,75,2155,16.4,76,3,toyota corolla,toyota corolla_76,22682.07397
207,26.5,4,140,72,2565,13.6,76,1,ford pinto,ford pinto_76,40000
208,20,4,130,102,3150,15.7,76,2,volvo 245,volvo 245_76,40000
209,13,8,318,150,3940,13.2,76,1,plymouth volare premier v8,plymouth volare premier v8_76,22781.28062
210,19,4,120,88,3270,21.9,76,2,peugeot 504,peugeot 504_76,26121.73551
211,19,6,156,108,2930,15.5,76,3,toyota mark ii,toyota mark ii_76,14501.04894
212,16.5,6,168,120,3820,16.7,76,2,mercedes-benz 280s,mercedes-benz 280s_76,24937.67586
213,16.5,8,350,180,4380,12.1,76,1,cadillac seville,cadillac seville_76,16557.22502
214,13,8,350,145,4055,12,76,1,chevy c10,chevy c10_76,30000
215,13,8,302,130,3870,15,76,1,ford f108,ford f108_76,20000
216,13,8,318,150,3755,14,76,1,dodge d100,dodge d100_76,20000
217,31.5,4,98,68,2045,18.5,77,3,honda accord cvcc,honda accord cvcc_77,16288.27844
218,30,4,111,80,2155,14.8,77,1,buick opel isuzu deluxe,buick opel isuzu deluxe_77,25530.81022
219,36,4,79,58,1825,18.6,77,2,renault 5 gtl,renault 5 gtl_77,20000
220,25.5,4,122,96,2300,15.5,77,1,plymouth arrow gs,plymouth arrow gs_77,30000
221,33.5,4,85,70,1945,16.8,77,3,datsun f-10 hatchback,datsun f-10 hatchback_77,30000
222,17.5,8,305,145,3880,12.5,77,1,chevrolet caprice classic,chevrolet caprice classic_77,30000
223,17,8,260,110,4060,19,77,1,oldsmobile cutlass supreme,oldsmobile cutlass supreme_77,30000
224,15.5,8,318,145,4140,13.7,77,1,dodge monaco brougham,dodge monaco brougham_77,40000
225,15,8,302,130,4295,14.9,77,1,mercury cougar brougham,mercury cougar brougham_77,20000
226,17.5,6,250,110,3520,16.4,77,1,chevrolet concours,chevrolet concours_77,20000
227,20.5,6,231,105,3425,16.9,77,1,buick skylark,buick skylark_77,30000
228,19,6,225,100,3630,17.7,77,1,plymouth volare custom,plymouth volare custom_77,26631.00577
229,18.5,6,250,98,3525,19,77,1,ford granada,ford granada_77,36453.91629
230,16,8,400,180,4220,11.1,77,1,pontiac grand prix lj,pontiac grand prix lj_77,16330.96319
231,15.5,8,350,170,4165,11.4,77,1,chevrolet monte carlo landau,chevrolet monte carlo landau_77,40000
232,15.5,8,400,190,4325,12.2,77,1,chrysler cordoba,chrysler cordoba_77,20000
233,16,8,351,149,4335,14.5,77,1,ford thunderbird,ford thunderbird_77,40000
234,29,4,97,78,1940,14.5,77,2,volkswagen rabbit custom,volkswagen rabbit custom_77,44398.38956
235,24.5,4,151,88,2740,16,77,1,pontiac sunbird coupe,pontiac sunbird coupe_77,22768.36337
236,26,4,97,75,2265,18.2,77,3,toyota corolla liftback,toyota corolla liftback_77,24051.71225
237,25.5,4,140,89,2755,15.8,77,1,ford mustang ii 2+2,ford mustang ii 2+2_77,30000
238,30.5,4,98,63,2051,17,77,1,chevrolet chevette,chevrolet chevette_77,40000
239,33.5,4,98,83,2075,15.9,77,1,dodge colt m/m,dodge colt m/m_77,36578.74535
240,30,4,97,67,1985,16.4,77,3,subaru dl,subaru dl_77,32735.65751
241,30.5,4,97,78,2190,14.1,77,2,volkswagen dasher,volkswagen dasher_77,20000
242,22,6,146,97,2815,14.5,77,3,datsun 810,datsun 810_77,42883.25641
243,21.5,4,121,110,2600,12.8,77,2,bmw 320i,bmw 320i_77,23927.44248
244,21.5,3,80,110,2720,13.5,77,3,mazda rx-4,mazda rx-4_77,23761.78388
245,43.1,4,90,48,1985,21.5,78,2,volkswagen rabbit custom diesel,volkswagen rabbit custom diesel_78,30000
246,36.1,4,98,66,1800,14.4,78,1,ford fiesta,ford fiesta_78,30000
247,32.8,4,78,52,1985,19.4,78,3,mazda glc deluxe,mazda glc deluxe_78,32914.19287
248,39.4,4,85,70,2070,18.6,78,3,datsun b210 gx,datsun b210 gx_78,40000
249,36.1,4,91,60,1800,16.4,78,3,honda civic cvcc,honda civic cvcc_78,30000
250,19.9,8,260,110,3365,15.5,78,1,oldsmobile cutlass salon brougham,oldsmobile cutlass salon brougham_78,30000
251,19.4,8,318,140,3735,13.2,78,1,dodge diplomat,dodge diplomat_78,40000
252,20.2,8,302,139,3570,12.8,78,1,mercury monarch ghia,mercury monarch ghia_78,34088.83024
253,19.2,6,231,105,3535,19.2,78,1,pontiac phoenix lj,pontiac phoenix lj_78,30000
254,20.5,6,200,95,3155,18.2,78,1,chevrolet malibu,chevrolet malibu_78,20000
255,20.2,6,200,85,2965,15.8,78,1,ford fairmont (auto),ford fairmont (auto)_78,30000
256,25.1,4,140,88,2720,15.4,78,1,ford fairmont (man),ford fairmont (man)_78,40000
257,20.5,6,225,100,3430,17.2,78,1,plymouth volare,plymouth volare_78,30000
258,19.4,6,232,90,3210,17.2,78,1,amc concord,amc concord_78,30000
259,20.6,6,231,105,3380,15.8,78,1,buick century special,buick century special_78,40000
260,20.8,6,200,85,3070,16.7,78,1,mercury zephyr,mercury zephyr_78,33560.68798
261,18.6,6,225,110,3620,18.7,78,1,dodge aspen,dodge aspen_78,33043.99134
262,18.1,6,258,120,3410,15.1,78,1,amc concord d/l,amc concord d/l_78,25625.9722
263,19.2,8,305,145,3425,13.2,78,1,chevrolet monte carlo landau,chevrolet monte carlo landau_78,50024.68887
264,17.7,6,231,165,3445,13.4,78,1,buick regal sport coupe (turbo),buick regal sport coupe (turbo)_78,20000
265,18.1,8,302,139,3205,11.2,78,1,ford futura,ford futura_78,35375.46418
266,17.5,8,318,140,4080,13.7,78,1,dodge magnum xe,dodge magnum xe_78,26331.12328
267,30,4,98,68,2155,16.5,78,1,chevrolet chevette,chevrolet chevette_78,49295.84839
268,27.5,4,134,95,2560,14.2,78,3,toyota corona,toyota corona_78,30000
269,27.2,4,119,97,2300,14.7,78,3,datsun 510,datsun 510_78,35110.41972
270,30.9,4,105,75,2230,14.5,78,1,dodge omni,dodge omni_78,24166.91123
271,21.1,4,134,95,2515,14.8,78,3,toyota celica gt liftback,toyota celica gt liftback_78,14511.79472
272,23.2,4,156,105,2745,16.7,78,1,plymouth sapporo,plymouth sapporo_78,36338.23478
273,23.8,4,151,85,2855,17.6,78,1,oldsmobile starfire sx,oldsmobile starfire sx_78,30000
274,23.9,4,119,97,2405,14.9,78,3,datsun 200-sx,datsun 200-sx_78,47709.82064
275,20.3,5,131,103,2830,15.9,78,2,audi 5000,audi 5000_78,43261.82962
276,17,6,163,125,3140,13.6,78,2,volvo 264gl,volvo 264gl_78,44815.87905
277,21.6,4,121,115,2795,15.7,78,2,saab 99gle,saab 99gle_78,47597.90265
278,16.2,6,163,133,3410,15.8,78,2,peugeot 604sl,peugeot 604sl_78,23051.89547
279,31.5,4,89,71,1990,14.9,78,2,volkswagen scirocco,volkswagen scirocco_78,30000
280,29.5,4,98,68,2135,16.6,78,3,honda accord lx,honda accord lx_78,20000
281,21.5,6,231,115,3245,15.4,79,1,pontiac lemans v6,pontiac lemans v6_79,20000
282,19.8,6,200,85,2990,18.2,79,1,mercury zephyr 6,mercury zephyr 6_79,37443.85589
283,22.3,4,140,88,2890,17.3,79,1,ford fairmont 4,ford fairmont 4_79,20000
284,20.2,6,232,90,3265,18.2,79,1,amc concord dl 6,amc concord dl 6_79,12840.57863
285,20.6,6,225,110,3360,16.6,79,1,dodge aspen 6,dodge aspen 6_79,26927.11569
286,17,8,305,130,3840,15.4,79,1,chevrolet caprice classic,chevrolet caprice classic_79,30000
287,17.6,8,302,129,3725,13.4,79,1,ford ltd landau,ford ltd landau_79,52480.06755
288,16.5,8,351,138,3955,13.2,79,1,mercury grand marquis,mercury grand marquis_79,13073.58541
289,18.2,8,318,135,3830,15.2,79,1,dodge st. regis,dodge st. regis_79,8766.444652
290,16.9,8,350,155,4360,14.9,79,1,buick estate wagon (sw),buick estate wagon (sw)_79,24606.12234
291,15.5,8,351,142,4054,14.3,79,1,ford country squire (sw),ford country squire (sw)_79,25696.08888
292,19.2,8,267,125,3605,15,79,1,chevrolet malibu classic (sw),chevrolet malibu classic (sw)_79,26157.23515
293,18.5,8,360,150,3940,13,79,1,chrysler lebaron town @ country (sw),chrysler lebaron town @ country (sw)_79,14944.48848
294,31.9,4,89,71,1925,14,79,2,vw rabbit custom,vw rabbit custom_79,40000
295,34.1,4,86,65,1975,15.2,79,3,maxda glc deluxe,maxda glc deluxe_79,20000
296,35.7,4,98,80,1915,14.4,79,1,dodge colt hatchback custom,dodge colt hatchback custom_79,44271.59324
297,27.4,4,121,80,2670,15,79,1,amc spirit dl,amc spirit dl_79,40000
298,25.4,5,183,77,3530,20.1,79,2,mercedes benz 300d,mercedes benz 300d_79,20000
299,23,8,350,125,3900,17.4,79,1,cadillac eldorado,cadillac eldorado_79,44274.40748
300,27.2,4,141,71,3190,24.8,79,2,peugeot 504,peugeot 504_79,24639.37404
301,23.9,8,260,90,3420,22.2,79,1,oldsmobile cutlass salon brougham,oldsmobile cutlass salon brougham_79,33062.12043
302,34.2,4,105,70,2200,13.2,79,1,plymouth horizon,plymouth horizon_79,30000
303,34.5,4,105,70,2150,14.9,79,1,plymouth horizon tc3,plymouth horizon tc3_79,22906.70081
304,31.8,4,85,65,2020,19.2,79,3,datsun 210,datsun 210_79,30000
305,37.3,4,91,69,2130,14.7,79,2,fiat strada custom,fiat strada custom_79,30000
306,28.4,4,151,90,2670,16,79,1,buick skylark limited,buick skylark limited_79,33322.52047
307,28.8,6,173,115,2595,11.3,79,1,chevrolet citation,chevrolet citation_79,30000
308,26.8,6,173,115,2700,12.9,79,1,oldsmobile omega brougham,oldsmobile omega brougham_79,45923.53551
309,33.5,4,151,90,2556,13.2,79,1,pontiac phoenix,pontiac phoenix_79,49548.62273
310,41.5,4,98,76,2144,14.7,80,2,vw rabbit,vw rabbit_80,48911.31371
311,38.1,4,89,60,1968,18.8,80,3,toyota corolla tercel,toyota corolla tercel_80,20000
312,32.1,4,98,70,2120,15.5,80,1,chevrolet chevette,chevrolet chevette_80,8400.696736
313,37.2,4,86,65,2019,16.4,80,3,datsun 310,datsun 310_80,34035.28481
314,28,4,151,90,2678,16.5,80,1,chevrolet citation,chevrolet citation_80,34799.28206
315,26.4,4,140,88,2870,18.1,80,1,ford fairmont,ford fairmont_80,17032.34506
316,24.3,4,151,90,3003,20.1,80,1,amc concord,amc concord_80,30000
317,19.1,6,225,90,3381,18.7,80,1,dodge aspen,dodge aspen_80,30000
318,34.3,4,97,78,2188,15.8,80,2,audi 4000,audi 4000_80,40000
319,29.8,4,134,90,2711,15.5,80,3,toyota corona liftback,toyota corona liftback_80,40000
320,31.3,4,120,75,2542,17.5,80,3,mazda 626,mazda 626_80,27206.13784
321,37,4,119,92,2434,15,80,3,datsun 510 hatchback,datsun 510 hatchback_80,47697.07716
322,32.2,4,108,75,2265,15.2,80,3,toyota corolla,toyota corolla_80,30000
323,46.6,4,86,65,2110,17.9,80,3,mazda glc,mazda glc_80,30000
324,27.9,4,156,105,2800,14.4,80,1,dodge colt,dodge colt_80,52035.83362
325,40.8,4,85,65,2110,19.2,80,3,datsun 210,datsun 210_80,26407.84375
326,44.3,4,90,48,2085,21.7,80,2,vw rabbit c (diesel),vw rabbit c (diesel)_80,51239.14421
327,43.4,4,90,48,2335,23.7,80,2,vw dasher (diesel),vw dasher (diesel)_80,40000
328,36.4,5,121,67,2950,19.9,80,2,audi 5000s (diesel),audi 5000s (diesel)_80,44494.54404
329,30,4,146,67,3250,21.8,80,2,mercedes-benz 240d,mercedes-benz 240d_80,20000
330,44.6,4,91,67,1850,13.8,80,3,honda civic 1500 gl,honda civic 1500 gl_80,20000
331,40.9,4,85,?,1835,17.3,80,2,renault lecar deluxe,renault lecar deluxe_80,32650.65157
332,33.8,4,97,67,2145,18,80,3,subaru dl,subaru dl_80,35335.98307
333,29.8,4,89,62,1845,15.3,80,2,vokswagen rabbit,vokswagen rabbit_80,30000
334,32.7,6,168,132,2910,11.4,80,3,datsun 280-zx,datsun 280-zx_80,25944.32515
335,23.7,3,70,100,2420,12.5,80,3,mazda rx-7 gs,mazda rx-7 gs_80,44730.24616
336,35,4,122,88,2500,15.1,80,2,triumph tr7 coupe,triumph tr7 coupe_80,30000
337,23.6,4,140,?,2905,14.3,80,1,ford mustang cobra,ford mustang cobra_80,24749.73654
338,32.4,4,107,72,2290,17,80,3,honda accord,honda accord_80,40000
339,27.2,4,135,84,2490,15.7,81,1,plymouth reliant,plymouth reliant_81_1,43221.37222
340,26.6,4,151,84,2635,16.4,81,1,buick skylark,buick skylark_81,20000
341,25.8,4,156,92,2620,14.4,81,1,dodge aries wagon (sw),dodge aries wagon (sw)_81,11460.90571
342,23.5,6,173,110,2725,12.6,81,1,chevrolet citation,chevrolet citation_81,40000
343,30,4,135,84,2385,12.9,81,1,plymouth reliant,plymouth reliant_81_2,33838.41277
344,39.1,4,79,58,1755,16.9,81,3,toyota starlet,toyota starlet_81,30000
345,39,4,86,64,1875,16.4,81,1,plymouth champ,plymouth champ_81,24040.39328
346,35.1,4,81,60,1760,16.1,81,3,honda civic 1300,honda civic 1300_81,26717.10084
347,32.3,4,97,67,2065,17.8,81,3,subaru,subaru_81,13900.61538
348,37,4,85,65,1975,19.4,81,3,datsun 210 mpg,datsun 210 mpg_81,17268.17018
349,37.7,4,89,62,2050,17.3,81,3,toyota tercel,toyota tercel_81,50475.68786
350,34.1,4,91,68,1985,16,81,3,mazda glc 4,mazda glc 4_81,49150.57563
351,34.7,4,105,63,2215,14.9,81,1,plymouth horizon 4,plymouth horizon 4_81,30000
352,34.4,4,98,65,2045,16.2,81,1,ford escort 4w,ford escort 4w_81,20000
353,29.9,4,98,65,2380,20.7,81,1,ford escort 2h,ford escort 2h_81,20000
354,33,4,105,74,2190,14.2,81,2,volkswagen jetta,volkswagen jetta_81,30000
355,34.5,4,100,?,2320,15.8,81,2,renault 18i,renault 18i_81,30000
356,33.7,4,107,75,2210,14.4,81,3,honda prelude,honda prelude_81,20000
357,32.4,4,108,75,2350,16.8,81,3,toyota corolla,toyota corolla_81,30000
358,32.9,4,119,100,2615,14.8,81,3,datsun 200sx,datsun 200sx_81,30000
359,31.6,4,120,74,2635,18.3,81,3,mazda 626,mazda 626_81,40000
360,28.1,4,141,80,3230,20.4,81,2,peugeot 505s turbo diesel,peugeot 505s turbo diesel_81,20000
361,30.7,6,145,76,3160,19.6,81,2,volvo diesel,volvo diesel_81,40000
362,25.4,6,168,116,2900,12.6,81,3,toyota cressida,toyota cressida_81,30000
363,24.2,6,146,120,2930,13.8,81,3,datsun 810 maxima,datsun 810 maxima_81,32646.39951
364,22.4,6,231,110,3415,15.8,81,1,buick century,buick century_81,25571.46894
365,26.6,8,350,105,3725,19,81,1,oldsmobile cutlass ls,oldsmobile cutlass ls_81,30000
366,20.2,6,200,88,3060,17.1,81,1,ford granada gl,ford granada gl_81,30000
367,17.6,6,225,85,3465,16.6,81,1,chrysler lebaron salon,chrysler lebaron salon_81,23723.77532
368,28,4,112,88,2605,19.6,82,1,chevrolet cavalier,chevrolet cavalier_82,27234.66428
369,27,4,112,88,2640,18.6,82,1,chevrolet cavalier wagon,chevrolet cavalier wagon_82,42666.91377
370,34,4,112,88,2395,18,82,1,chevrolet cavalier 2-door,chevrolet cavalier 2-door_82,40000
371,31,4,112,85,2575,16.2,82,1,pontiac j2000 se hatchback,pontiac j2000 se hatchback_82,27074.39484
372,29,4,135,84,2525,16,82,1,dodge aries se,dodge aries se_82,20000
373,27,4,151,90,2735,18,82,1,pontiac phoenix,pontiac phoenix_82,33111.13808
374,24,4,140,92,2865,16.4,82,1,ford fairmont futura,ford fairmont futura_82,51186.91521
375,23,4,151,?,3035,20.5,82,1,amc concord dl,amc concord dl_82,37179.28797
376,36,4,105,74,1980,15.3,82,2,volkswagen rabbit l,volkswagen rabbit l_82,33472.79144
377,37,4,91,68,2025,18.2,82,3,mazda glc custom l,mazda glc custom l_82,44607.86606
378,31,4,91,68,1970,17.6,82,3,mazda glc custom,mazda glc custom_82,34686.42339
379,38,4,105,63,2125,14.7,82,1,plymouth horizon miser,plymouth horizon miser_82,48111.1021
380,36,4,98,70,2125,17.3,82,1,mercury lynx l,mercury lynx l_82,30000
381,36,4,120,88,2160,14.5,82,3,nissan stanza xe,nissan stanza xe_82,34612.00874
382,36,4,107,75,2205,14.5,82,3,honda accord,honda accord_82,30000
383,34,4,108,70,2245,16.9,82,3,toyota corolla,toyota corolla_82,30000
384,38,4,91,67,1965,15,82,3,honda civic,honda civic_82,30000
385,32,4,91,67,1965,15.7,82,3,honda civic (auto),honda civic (auto)_82,30000
386,38,4,91,67,1995,16.2,82,3,datsun 310 gx,datsun 310 gx_82,30000
387,25,6,181,110,2945,16.4,82,1,buick century limited,buick century limited_82,25289.83381
388,38,6,262,85,3015,17,82,1,oldsmobile cutlass ciera (diesel),oldsmobile cutlass ciera (diesel)_82,9944.306349
389,26,4,156,92,2585,14.5,82,1,chrysler lebaron medallion,chrysler lebaron medallion_82,34986.21836
390,22,6,232,112,2835,14.7,82,1,ford granada l,ford granada l_82,22973.01943
391,32,4,144,96,2665,13.9,82,3,toyota celica gt,toyota celica gt_82,20000
392,36,4,135,84,2370,13,82,1,dodge charger 2.2,dodge charger 2.2_82,17421.6269
393,27,4,151,90,2950,17.3,82,1,chevrolet camaro,chevrolet camaro_82,12550
394,27,4,140,86,2790,15.6,82,1,ford mustang gl,ford mustang gl_82,13432.5
395,44,4,97,52,2130,24.6,82,2,vw pickup,vw pickup_82,37000
396,32,4,135,84,2295,11.6,82,1,dodge rampage,dodge rampage_82,47800
397,28,4,120,79,2625,18.6,82,1,ford ranger,ford ranger_82,46000
398,31,4,119,82,2720,19.4,82,1,chevy s-10,chevy s-10_82,9000
